{
    "action": {
        "mean": [
            253.37405395507812,
            79.86934661865234,
            125.02855682373047,
            97.90595245361328,
            264.45123291015625,
            60.305320739746094,
            272.4873962402344,
            0.10455694049596786
        ],
        "std": [
            148.32284545898438,
            123.62655639648438,
            158.04534912109375,
            17.99681282043457,
            150.6434783935547,
            20.986473083496094,
            29.091169357299805,
            0.14126980304718018
        ],
        "min": [
            0.00030517578125,
            0.00026046461425721645,
            0.002288818359375,
            37.5884895324707,
            0.0002694989088922739,
            2.282867193222046,
            189.05494689941406,
            -0.004366785287857056
        ],
        "max": [
            359.9986572265625,
            359.9997863769531,
            359.9998474121094,
            147.80995178222656,
            360.0,
            95.84923553466797,
            353.56689453125,
            0.3537118136882782
        ],
        "q01": [
            0.791163729429245,
            0.5276896953582764,
            0.693180478811264,
            63.77381790161133,
            0.2765616524219513,
            12.59161979675293,
            208.48199798583985,
            0.008733650669455528
        ],
        "q99": [
            359.2424298095703,
            359.55812194824216,
            359.3583648681641,
            142.92973510742186,
            359.6969879150391,
            92.21127532958984,
            337.46233154296874,
            0.34061136841773987
        ]
    },
    "observation.state": {
        "mean": [
            253.37405395507812,
            79.86934661865234,
            125.02855682373047,
            97.90595245361328,
            264.45123291015625,
            60.305320739746094,
            272.4873962402344,
            0.10455694049596786
        ],
        "std": [
            148.32284545898438,
            123.62655639648438,
            158.04534912109375,
            17.99681282043457,
            150.6434783935547,
            20.986473083496094,
            29.091169357299805,
            0.14126980304718018
        ],
        "min": [
            0.00030517578125,
            0.00026046461425721645,
            0.002288818359375,
            37.5884895324707,
            0.0002694989088922739,
            2.282867193222046,
            189.05494689941406,
            -0.004366785287857056
        ],
        "max": [
            359.9986572265625,
            359.9997863769531,
            359.9998474121094,
            147.80995178222656,
            360.0,
            95.84923553466797,
            353.56689453125,
            0.3537118136882782
        ],
        "q01": [
            0.791163729429245,
            0.5276896953582764,
            0.693180478811264,
            63.77381790161133,
            0.2765616524219513,
            12.59161979675293,
            208.48199798583985,
            0.008733650669455528
        ],
        "q99": [
            359.2424298095703,
            359.55812194824216,
            359.3583648681641,
            142.92973510742186,
            359.6969879150391,
            92.21127532958984,
            337.46233154296874,
            0.34061136841773987
        ]
    },
    "observation.state_ros": {
        "mean": [
            -0.0995323583483696,
            0.27164211869239807,
            0.10224144905805588,
            1.2291661500930786,
            -0.06726854294538498,
            0.7603668570518494,
            -1.0993149280548096,
            0.055508214980363846
        ],
        "std": [
            0.24339893460273743,
            0.29674360156059265,
            0.20316337049007416,
            0.8077241778373718,
            0.1354704648256302,
            0.5642915368080139,
            0.8081057071685791,
            0.03591082990169525
        ],
        "min": [
            -0.9609164595603943,
            -0.19019125401973724,
            -0.3491782248020172,
            0.0,
            -0.5475012063980103,
            0.0,
            -2.9835541248321533,
            0.0
        ],
        "max": [
            0.7585943341255188,
            1.0878108739852905,
            0.6657203435897827,
            2.5797693729400635,
            0.35478949546813965,
            1.672917127609253,
            0.0,
            0.08575480431318283
        ],
        "q01": [
            -0.7001355910301208,
            -0.046197310611605646,
            -0.2613071012496948,
            0.0,
            -0.41057772874832155,
            0.0,
            -2.595926060676575,
            0.0
        ],
        "q99": [
            0.48213143050670615,
            0.8536285877227782,
            0.5206017446517943,
            2.4618735122680664,
            0.18601750373840314,
            1.6021167397499083,
            0.0,
            0.08499924838542938
        ]
    },
    "timestamp": {
        "mean": [
            14.287332534790039
        ],
        "std": [
            8.961475372314453
        ],
        "min": [
            0.0
        ],
        "max": [
            51.20000076293945
        ],
        "q01": [
            0.2666666805744171
        ],
        "q99": [
            38.66666793823242
        ]
    },
    "frame_index": {
        "mean": [
            214.3099822998047
        ],
        "std": [
            134.42213439941406
        ],
        "min": [
            0.0
        ],
        "max": [
            768.0
        ],
        "q01": [
            4.0
        ],
        "q99": [
            580.0
        ]
    },
    "episode_index": {
        "mean": [
            121.15779113769531
        ],
        "std": [
            75.68194580078125
        ],
        "min": [
            0.0
        ],
        "max": [
            254.0
        ],
        "q01": [
            1.0
        ],
        "q99": [
            252.0
        ]
    },
    "index": {
        "mean": [
            52251.0
        ],
        "std": [
            30167.416015625
        ],
        "min": [
            0.0
        ],
        "max": [
            104502.0
        ],
        "q01": [
            1045.02
        ],
        "q99": [
            103456.98
        ]
    },
    "task_index": {
        "mean": [
            0.0
        ],
        "std": [
            0.0
        ],
        "min": [
            0.0
        ],
        "max": [
            0.0
        ],
        "q01": [
            0.0
        ],
        "q99": [
            0.0
        ]
    }
}